R&D Spend,Administration,Marketing Spend,State,Profit
165349.30000000002,136897.9,471784.2,New York,192261.93
169455.86687502504,135951.49537623485,487062.66093985026,New York,201046.54978921887
163413.44516984295,135295.25711406334,509036.58273969515,New York,196688.38446527897
161467.9369458863,140611.66652954134,460852.54272653133,New York,189575.66696160473
167349.7146114927,123801.69761974306,431094.75101610523,New York,189018.73543239597
156975.75416172438,139048.8899956447,450364.6293974743,New York,184115.96293905398
177466.49989935206,135352.4849296812,473377.13700130646,New York,184044.18491863803
160848.63487838343,137657.15347969212,444633.170793534,New York,194428.90278312942
160383.54065345044,134901.28691050873,457590.4163657322,New York,202945.60735951754
165237.712166882,129657.97975094439,491187.3846660337,New York,185220.2773088498
167076.072461476,123484.16376740593,440453.3403734647,New York,193397.3976345115
171454.54660378178,138070.89789107582,469056.1483806045,New York,190525.20667067613
153125.67119290697,131970.6419771801,460918.0952976877,New York,198359.26078376235
168190.15218236714,124830.07525575839,479429.0848116874,New York,190040.83012675072
159752.8710547405,141084.7599711054,496104.66424605675,New York,197633.4213921573
158411.09849937016,134781.3737545979,479598.4426486993,New York,197888.7356682792
161387.7437597124,135627.0837989287,445686.63196782727,New York,185362.38017326395
172066.82879824025,146181.22059036428,470085.538119916,New York,198050.1651530164
168339.11317982044,132482.12301730216,480309.23683141515,New York,201133.1063603796
165053.10947556986,147607.721536463,409986.4825931552,New York,197002.5468528904
162597.80000000002,151377.69,443898.63,California,191792.16
163305.48308959886,149114.53789967284,445935.2541495923,California,180356.15594159518
160811.89171578872,154080.6338072704,476700.3870872959,California,188810.1550612088
156024.83594277472,147579.94889004718,464215.91729735245,California,193683.71656272083
158290.90781699642,155262.55191884647,446053.25955796766,California,197365.51545022448
156890.18557261745,148897.65305737942,435195.81640064024,California,183371.43920716358
165005.22527930455,153353.58720324564,444012.1228199077,California,190442.4008094532
151090.99155791177,148193.87413652378,436292.1047816327,California,187176.04528851254
161286.56490558365,154435.90426735528,485762.3968736335,California,192796.63967433284
164691.65634603312,150814.21746206915,401311.634312266,California,191639.6053967287
163087.46498149747,170021.68504493713,439629.19156340905,California,193527.1924838527
162315.59713059105,142532.10091557112,469263.5040847981,California,196118.6058154304
169028.8027159458,144494.64138890966,475033.5536398164,California,183726.2387000632
167368.8836183159,167956.99563413096,421913.74411546264,California,188533.81605709167
163407.95463651238,147566.94092543254,409481.7613679322,California,192186.65523102222
153961.3876608153,154962.25640755196,423492.0721017408,California,200710.11802189887
156230.03689116857,148940.04358194437,461954.5889135904,California,184710.05622252624
164447.0242477388,161271.30253217558,408220.64972151513,California,192854.49979611137
164710.61853013234,157295.21701594078,416444.5937031847,California,184194.56321970848
166841.1275148932,153625.53268997223,449458.3016546665,California,193785.54151282672
153441.61000000002,101145.65,407934.64,Florida,191050.49
148224.40559405973,102320.22255821264,413912.3606944504,Florida,186956.17434661603
167755.98224435074,103541.95693885106,383635.94183689484,Florida,194813.53665922282
145963.77376414154,105126.15919252613,431566.2035213989,Florida,186346.7372283371
160832.70921534084,103233.19975812973,424701.9807712847,Florida,201921.98686293792
151558.97262028264,97333.79328637774,389791.45256879536,Florida,186374.6613593094
152850.0794786874,102870.95191208065,413578.2280808002,Florida,195791.50295144372
153541.3615611396,108496.58245156135,402536.50550047675,Florida,206641.17956479514
158241.78025827464,96810.76209019317,386091.932716237,Florida,193815.7877403108
151727.18552222586,104756.55220376329,417587.1410007432,Florida,190633.0700165221
146944.9404280849,93484.6396404226,398827.19418869616,Florida,195958.95227872726
155084.15443951334,94845.59707484848,411466.96493209846,Florida,193258.9422260813
146660.58459894132,101923.08128810895,409121.90763020655,Florida,184499.5389363204
156186.58343047457,103981.69577147285,430025.34594931296,Florida,197090.3719521282
142872.0197066491,96402.80383757544,418439.67631580343,Florida,193995.26173030678
157393.09731067877,120630.00154488703,419578.9407479517,Florida,197559.00115951
160760.78832666183,104439.91957588191,401504.1777092285,Florida,195400.5332441047
147512.43274163798,99947.99140445936,398034.8097923606,Florida,191519.75283344256
171199.8568535338,91702.36241864662,421932.10518533795,Florida,181807.1852773532
149820.9107351483,106652.78079740761,409245.74232244503,Florida,184873.37996244995
144372.51,118671.95,383199.72,New York,182902.09
139209.0004040914,122704.40950408441,369205.9055614325,New York,184089.81185298986
144701.4760456116,114805.615806447,424277.65873625595,New York,186380.44342218162
129753.76408281745,119778.29485598009,370519.9006000482,New York,187579.44515559697
138651.59958827088,117991.15013775311,392875.2691954436,New York,187652.54303326213
135708.0197484688,116687.15430326723,374099.7744873904,New York,179317.23153712516
157116.66299797627,121074.94846770365,359041.20108731586,New York,187938.45605343362
159691.56083873843,124798.18328884314,354088.6127235006,New York,180245.0672807065
153517.86712775286,114472.92422797806,391703.2940298097,New York,187152.55562072192
137681.34606113943,118318.7504960851,321097.0831420193,New York,177281.21078289364
142549.31510186548,111268.10683095132,414476.69772957184,New York,175054.81458926562
141195.99364719476,119447.7119625333,410814.4960406807,New York,175023.42434792154
152768.9535219815,118732.66886528317,364394.0279870423,New York,185437.6807371704
145809.4473944889,115110.50463823277,384537.12697117956,New York,180787.850134857
145191.94920312296,122600.7669150114,413587.7799931095,New York,176110.1187469053
159770.0791106448,107089.04671297278,380291.5197041095,New York,186130.22339946972
146400.88506172475,114977.10168594132,379212.1005968661,New York,180196.96296036837
140118.10653672123,123713.1468788787,390040.13171287347,New York,179100.05160537316
150866.3846005993,120495.34166882465,398774.1468168848,New York,186356.90293336325
138388.30547478516,115348.06118033986,397517.8550120512,New York,186251.22991664906
142107.44,91391.87,366168.52,Florida,166188.04
141958.9263994918,91928.00844813981,389560.5531973401,Florida,163238.67731107888
145994.7704134389,90467.93176969032,362183.1197991235,Florida,171666.14714287364
147972.33021444178,95109.27834485588,390069.7821353533,Florida,166292.75761820257
146952.96954755604,89974.07704580446,372103.4956762246,Florida,165539.19342625063
142796.63241377225,94111.49567491584,351188.18716935057,Florida,176619.9322080132
134959.3122659787,85843.52160723116,387371.7072272714,Florida,170134.9861435246
146542.0434727275,94263.15355488824,365944.3008655935,Florida,161714.65163864015
142646.0595852621,88297.51624462538,384021.42748041864,Florida,165454.86466001882
136241.975331832,89923.26734699044,373728.6449736777,Florida,163377.51164408893
136265.25822351335,92505.42149766657,370653.4723396178,Florida,163660.60321881087
138760.53761233212,92452.24388542486,339656.37499193754,Florida,159170.93061896076
137002.62654675113,90416.50328294403,371860.7481575912,Florida,173543.63673989984
148201.43067223017,90661.01593307956,365820.363164813,Florida,161189.78829545193
141975.89728188748,90072.81735987168,372076.98888077645,Florida,162063.76332591067
145797.59018058682,98395.86377405364,364177.29287022864,Florida,168190.83051221943
147011.16979467237,89558.45553960354,370271.30062038236,Florida,166250.82119214465
142801.4650156981,87859.52951625765,366617.262711667,Florida,168670.88079836292
152418.35515880588,95775.34773161859,405589.9016878485,Florida,162362.32037574577
148305.6026271773,92229.66843769893,406260.36495739873,Florida,162158.154766644
131877.0,99814.81,362861.46,New York,156991.22
126340.00013093629,96823.39684898038,324327.4648294593,New York,154515.05233175633
126871.39309961414,100565.38636111516,369061.96361671126,New York,165827.49046930778
138143.9522254231,96935.63356108758,346561.4570334558,New York,159308.02972628587
123171.58026788694,108955.14543682933,384260.12820937514,New York,154781.52625945362
120580.84788535412,106571.63568957848,360783.35522617307,New York,162821.00878857845
121363.58318205876,96823.48479825618,362956.5968267771,New York,157212.48622194355
128909.33579088659,102923.29238278892,343491.54461342026,New York,156320.65012830606
132670.2113511635,102382.24072390978,375772.3406810528,New York,151694.45197817063
121761.28127529491,106191.36346096017,368890.6573782686,New York,153466.04556417235
142105.0634537992,100392.11208218806,384257.53489916446,New York,157309.2142630736
145465.2627044831,108575.26063368542,358344.4852797614,New York,161567.06326720654
136132.51220517204,106645.29494375476,345354.78321528254,New York,160222.3416706381
138856.09230261316,91037.39761615897,341393.5144268334,New York,147386.97357650555
130100.57174469775,103395.87719646227,390118.8336682431,New York,157340.18689921199
142615.84661516527,92927.08175837788,331956.8680558614,New York,156729.6049694608
134409.46996048844,99651.6389965495,325351.7070557032,New York,156571.48808811317
123275.52378409608,103156.9719111843,369512.6787406071,New York,152564.63377073387
128488.63862711945,94528.55017816117,361724.26856259874,New York,161489.68874507362
125377.27030937037,102330.37535887878,353240.9573210627,New York,153256.99780274837
134615.56,147198.97,127716.92,California,156122.61000000002
133895.16240788577,139579.63982197302,124181.40079804591,California,150512.1353084319
147839.6887006807,147458.507926439,123248.58066368758,California,157124.82306454182
133859.50483435806,145572.64512736985,131638.8939648055,California,159670.53242363126
131044.87454668831,142960.97740349456,125960.48221995097,California,145341.15179241722
124417.14533275735,157259.09421436692,138221.43049339132,California,154956.20530561186
138496.23692268255,149489.75510805746,147378.17869515065,California,161366.33871791058
133754.57508944828,140166.24156751356,117458.40119156845,California,157075.56821615042
129524.7310433568,136731.25594342715,123588.0051334514,California,151056.98708506295
145971.33580023044,153687.79320670047,127666.00794033884,California,163054.1922485314
135136.3089030118,140859.96263436036,137443.35579633614,California,158646.6912772579
127634.08640387488,145798.08713174658,122125.35667909596,California,149646.02090683652
140849.4554610199,161252.17813890317,118785.88285299733,California,158759.37679745522
130236.22930989132,143613.7522624491,123933.98362847492,California,152075.95518065037
134942.1483058952,141083.21993714577,129444.01563907888,California,155887.31085694008
133007.2537430086,140519.34818690244,124033.74710577553,California,159660.6194924105
137987.12238628406,140004.21374237776,128351.240805296,California,159641.8655646359
123379.16366074445,151198.0730328664,123485.5067194307,California,158795.1106020987
129478.23206084507,133915.13069053733,117323.68463321356,California,156347.82442123457
136363.6945006919,140543.24621153774,131794.87309851366,California,148340.58453933624
130298.23,145530.16,323876.78,Florida,155752.7
129867.72595987491,136718.19093429888,313321.05101586523,Florida,155974.17413101834
124692.71307175787,142731.93850596732,340172.5237392764,Florida,153057.12601141166
135742.69015135246,137309.839034429,332456.3435586875,Florida,162488.54614708232
114195.68482220896,139731.54529840703,333221.7931189492,Florida,154803.95398703785
132716.21251860427,141135.25695698085,325279.0010773804,Florida,155025.28550777445
137906.22678300118,147381.45530164803,329343.86315561726,Florida,153828.1715137585
127121.51860331853,142382.64688586502,330264.47448687925,Florida,153785.61591362438
132186.0875476053,160631.83051454992,337983.6331962956,Florida,154229.32863803967
138124.032395466,142560.7962836057,290871.71941538004,Florida,151042.33505724726
118110.18619960155,142972.36932126555,324175.0442672366,Florida,163585.98913302858
132428.13290700092,143935.87324931807,337308.04044738685,Florida,145420.99116670064
131833.2379941889,151139.36675024006,299932.79238822684,Florida,161096.9834109619
132503.50413789405,142508.3141721975,334123.9476618448,Florida,166362.69630421253
131483.07255654252,147336.3390819791,316437.96354995016,Florida,151781.73334628184
135707.79436006598,139300.85919210353,325035.71212336665,Florida,153520.80688973682
133418.74117502317,147958.05497841732,340678.53481338144,Florida,153369.6070650229
128540.01868049546,138408.1779920003,316681.96647754236,Florida,157515.66711509202
135229.94384395189,138820.01664129892,337959.038263638,Florida,162087.0277019327
132991.72180551346,159186.67974444528,311346.1622897778,Florida,149936.95008174644
120542.62,148719.05000000002,311613.39,New York,152211.87
109822.0400475013,159843.5644381288,321808.8450238032,New York,151958.05059892155
122230.0275867196,140349.96690501904,349719.84327338054,New York,152801.9399325618
121201.95675780177,154115.81614139606,319107.83586613863,New York,153234.20417995955
115778.32690487744,152224.86630891633,340936.59167048143,New York,158355.53703482205
130144.96450620373,144917.67451280236,296194.68435994413,New York,151637.48213010276
120878.48134632746,156855.40615725287,285243.6579639735,New York,159196.3414315259
119590.28569622971,145544.78264072182,295844.12622956734,New York,144655.20514180005
125503.97694488495,149264.23892140956,291514.935553212,New York,146298.07914920678
118518.80162958278,161129.8147835295,307568.7829493453,New York,145347.98400685712
119061.49436041262,146691.0904897259,269594.09053736285,New York,151963.9403050777
119150.74733400883,153896.00745895028,340421.36383535404,New York,157356.16709472207
118921.99263760757,140490.97590257763,351708.0585990211,New York,152482.2824573945
120626.57366709656,148539.65699819167,314699.68319051055,New York,151552.66895241258
117085.08393480991,144652.63288873617,311103.07212172035,New York,149730.3989814422
116246.2050850072,149510.46011768116,307640.67424533603,New York,159079.63755777178
104564.87768777041,156835.44310431997,331028.23155314947,New York,142744.03186456262
118477.1969784029,145957.03336389645,289683.41546721675,New York,148660.0820239376
113849.03389394168,161748.849784452,326191.88580192166,New York,158018.24336451266
124892.23206902896,140323.47465918784,303441.0130850429,New York,154446.52851284793
123334.98,108679.27,304981.72,California,149760.06
115798.4245566434,112553.67744511407,301316.97733550234,California,148076.06440116372
127719.2916729589,111093.38061900428,299477.3158943346,California,154968.69902734854
116668.33380558666,112026.24160648548,314025.97208946804,California,148369.3292002665
125346.16048877855,101880.76449156781,319072.2874822097,California,148929.3313485651
120111.47833593722,114379.54784436092,294241.122489356,California,143432.12255246745
113735.63860080064,111972.30595624898,285456.34268685983,California,157644.00245944888
110496.24390586246,117897.75198463062,308199.54350487486,California,149325.5471569051
119974.60076634,110848.16107692098,304407.82518613903,California,154716.9766814672
124039.39323815898,109496.00428576955,299436.96610530064,California,149504.21459924386
125233.11625051334,99386.27737545023,284423.12455436366,California,153099.39825950062
124388.66426971005,107679.51126565132,305262.8206306324,California,151321.67571149598
120006.41753121192,104449.99053028632,307968.18113767647,California,145364.42502366018
125852.57227304946,99427.49283887314,320675.4028209635,California,151883.34681966077
124913.85110805035,114019.176938539,330378.68303441204,California,154317.42365397958
111982.7706748098,101726.09546731749,295453.8077743209,California,149877.28191735112
126527.25324681895,104735.60460897326,307829.74245345267,California,146366.2742018337
119563.9031999172,101035.5249428568,290903.2568319956,California,143687.20897085464
117317.01459307528,114404.72106484143,290504.2546958972,California,161586.83087918913
126377.14767193932,109683.66274963944,291892.5483912476,California,152906.41348676648
101913.18,110594.21,229161.05,Florida,146122.05000000002
98979.92592999105,111268.88895314751,258494.6330439221,Florida,145700.9559158832
107769.48496854753,106705.84793862893,228760.15003899005,Florida,153884.64057061094
98718.36966928023,120616.52582186548,237270.50883342544,Florida,143656.38604948318
105135.71418718791,115972.15455192266,236285.78119210765,Florida,139238.71634906795
98207.93690577341,109225.50360204518,228308.18786161664,Florida,148842.86637815717
102818.68370471454,103210.14227852499,233517.3769372135,Florida,148798.6512240495
104765.68123411383,116570.61452629702,238716.17382773446,Florida,148134.94003488065
101555.63946091433,101409.57688584682,234083.63810977765,Florida,147032.48251824098
103297.05314596414,103534.15999442639,216774.24740453376,Florida,150738.7156167706
101711.62042425394,114362.71156201873,229485.52344041757,Florida,146252.49084309614
106694.35432047583,107740.63204790675,230262.40690853057,Florida,144095.59161450234
99699.13538821846,108884.57766254818,231706.2704174021,Florida,144023.37809903576
108312.08500308383,105647.29060754014,227019.8648904378,Florida,144194.41788948927
109286.48587920805,111681.10101150122,240983.97890506993,Florida,139609.8561867922
103273.97709072908,115513.61075168228,230103.86426902722,Florida,150792.75529917955
99277.25445364998,118387.49333814233,255501.94539258085,Florida,144531.48857188527
99643.05106730145,118631.00540365477,247259.87057332014,Florida,143830.00862907927
99772.05126378413,109036.02268964567,213756.2654609174,Florida,142094.99083029717
96796.42106463292,106348.51174236927,228763.62873936567,Florida,147148.76810575317
100672.06,91790.71,249744.65,California,144259.5
108476.66393213041,87208.72868846088,262036.11264473473,California,143333.4022897935
100423.07932270238,94887.8180153906,235724.95908388155,California,145914.48716338913
101509.91433461786,94050.83255818528,253355.56608818664,California,154885.51111600426
97461.93010205262,89353.68062462726,241963.34936636157,California,141855.51445585504
97463.70624382852,97247.74357960497,267482.81681188697,California,141789.43275110543
96482.31249015583,93954.28843128766,242848.9124542057,California,146998.69282690503
101693.49392652616,84834.14857530413,269068.7072439678,California,152031.6724554577
97587.52500921172,90011.33992726843,253314.31759768524,California,145706.957078854
103986.91042655878,101016.61509292929,247535.0688300514,California,140804.64115954514
93729.1145959084,88436.08063367015,249330.98578770368,California,152025.96060336434
98066.61021233763,92817.79274851902,249539.5734784162,California,149402.6105829295
113391.63463967474,89354.26892084075,243632.90588660457,California,148778.40378136636
104104.43104785746,100266.2388295756,257036.2970134684,California,142704.5610788731
103645.1819277373,96879.14444206237,259990.2017587186,California,146454.8729427157
106041.27691754003,97157.23362234389,267003.990673051,California,147066.97692086213
99830.85392956284,92464.0576722216,264810.6079781246,California,140723.9780571365
102527.81507356255,89985.46755729575,250103.59328715838,California,149792.36479421394
101633.9768420822,92003.83218626012,232763.81020103095,California,147489.1249892491
103921.17111064425,101719.0443481531,245901.35162170226,California,145207.93550080908
93863.85,127320.48,249839.54,Florida,141585.62
95034.2556340137,137362.58543785298,248649.11040121946,Florida,142770.7830715862
96716.82534017785,128508.43815663233,244262.70155500795,Florida,142410.03055940906
98902.61047620376,120785.658967582,251500.59411114026,Florida,138611.80881025796
99472.43387602035,117623.83560766077,242857.50113908583,Florida,143187.85331607118
101211.1556325724,126901.9122600031,242904.00028213768,Florida,149575.96369982386
87068.04202267074,113322.82850881359,255336.19038973388,Florida,139453.11024114248
89071.00780188828,131829.89414406242,252885.09290901342,Florida,139189.6573201517
87855.13499844076,132874.56429080726,257961.8381604325,Florida,141164.36371513281
102530.47290007344,120508.29469553332,230782.7146518871,Florida,138646.69300828583
93649.90604993551,128869.58477453503,246826.02471368806,Florida,143080.99944769466
87990.1345609351,136511.52011988085,248813.30936899714,Florida,146331.4106911646
95472.32602517975,130228.18195521024,256957.05976001325,Florida,143487.29282148075
96880.27163618966,135781.89690648377,252294.47793192387,Florida,144597.16209801496
93442.7031125889,136488.3007563645,241390.06291969857,Florida,149235.2380333024
93675.3810072206,118212.13136131405,251439.81740466403,Florida,138692.80636473175
97809.15199928726,123165.86008478547,244265.82681449995,Florida,133559.6661228147
91741.08937479764,111890.00603357621,230053.46235878128,Florida,144815.5334164183
97551.7614110789,130028.95304930456,237760.09626048116,Florida,141382.9627417879
93846.94259055919,119946.30258784772,268619.9570075143,Florida,145312.2765162733
91992.49,135495.17,252665.03,California,134307.45
90976.13777243083,135677.31506625784,255297.58242107762,California,126080.84388737545
90855.5668555124,130874.89141901082,240011.31250756505,California,133174.83409404705
100261.17299221698,139836.725621533,245449.182170558,California,136614.5139983356
98428.99955032917,141759.3399026996,253418.3554602396,California,131700.79713225443
95204.05505976826,138160.9384595118,263974.2310897052,California,136866.69914987433
96820.03838342434,131869.08070098076,269308.00055576593,California,135103.62297081735
101537.91075361856,130826.08897130126,274595.8973202831,California,135104.87677963113
88996.2117908339,132216.9603327109,248618.00188823315,California,136016.50939914235
94397.33692023755,131608.49102186708,252357.35231078704,California,142939.13607227235
99938.53989000291,138451.15748987536,253145.13749757363,California,134791.0830423494
94814.44229856116,128565.99737518531,249413.5274725317,California,127584.3518378067
93828.76645570176,139879.76619366664,246560.81390037673,California,140649.39445533714
86354.42822519569,125574.38383311205,255500.5862735005,California,138526.44308769502
99737.92506585806,132386.33993961243,266292.27625696716,California,134152.29076973873
91198.46924182336,141481.75267259733,260905.98898220065,California,127955.81367586338
98784.02116783781,144844.95563228696,244762.1390628107,California,135902.23089830906
94264.84334856566,137261.17181074253,245712.88658972463,California,131601.32934275488
91874.95086899301,143440.12589142405,259532.46746843035,California,132814.16202372187
95542.01429611654,116196.98166827414,267177.6760073744,California,127297.75435927349
119943.34,156547.52000000002,256513.02,Florida,132602.75
117769.72114676819,147783.4427388808,239907.8872362387,Florida,137220.6147284017
117138.45778963197,159259.73616776586,255911.2330305776,Florida,134500.45776656183
120404.05370994416,146505.05745619978,269290.790529109,Florida,130638.5455772662
110608.25840456039,153196.5016638193,275761.24130950874,Florida,135985.0022334212
117852.41492504961,153813.74862740285,252387.84108371873,Florida,140864.22481031367
122233.87069025314,159913.61766822386,269727.07601248694,Florida,133552.6729747131
118389.82099147489,155010.61590366863,255594.68723559473,Florida,132454.67687232935
124307.05588732475,156954.1199798668,265909.60593898006,Florida,132281.6527852102
120414.92836840237,140906.8519187098,268265.51895737555,Florida,133981.10974242148
125928.57329651668,133877.4401628558,283297.78512074566,Florida,132047.4509430544
126589.29741850527,148407.78530375988,264372.2442482396,Florida,128412.17598291123
116202.49337329081,171529.36308250442,254067.39407596717,Florida,133467.71590772097
125161.28148225148,160427.40851355146,258442.24038117361,Florida,134054.59497709334
134357.02463507667,156096.51601095046,259092.24618959887,Florida,136782.33986630596
126573.36364277983,165838.852525016,264705.1509108988,Florida,128055.78215925283
129739.30168227556,147574.64358297497,260394.51685737848,Florida,129602.17844086536
119558.69162437794,159120.86700011164,260634.635491697,Florida,134281.18556881018
129621.03597032663,160097.5035068473,253381.55220642785,Florida,136437.96829264247
127076.79316365272,146938.57205038427,264175.06480326987,Florida,135392.073015664
114523.71,122616.94,261776.33,New York,129917.14
112819.80618173082,131051.1879892711,259812.27995653148,New York,130406.57601059097
113532.66862932716,122712.4527571277,247427.38655410713,New York,124304.5212363662
123654.14177271543,117424.34955854663,248800.1774584625,New York,121524.2714540899
110864.89650532573,114505.27890935702,283268.36512124306,New York,133852.91644511558
110583.23347162333,136426.27929988774,274626.4783052661,New York,128651.10507016949
100211.64923687381,136662.35839834023,243588.47096907892,New York,123504.1750190733
120379.13798050235,137574.68872114792,279894.82290742197,New York,132114.98380291357
117929.38368730582,127849.10021830158,271709.80704832275,New York,131013.08756783885
115120.38485053323,122233.1911095966,251907.82584882612,New York,128823.20490232565
104829.52523842819,122014.03479408429,248836.8424049698,New York,125615.88496518323
115553.81727986987,131151.09304122895,273796.00754486705,New York,123796.0915962701
108856.91571397892,128384.664215564,248916.73279241376,New York,129041.62910809586
117673.41035367896,116680.16830393265,263155.57066353905,New York,124717.75669039426
111080.1673170374,124577.47411159198,240925.92733615407,New York,131633.89654594194
114411.26032053413,126004.1713795685,264707.10101252876,New York,135233.89669661716
115240.76873130717,119984.32032640887,263377.05957559776,New York,132034.65178300135
114803.49182622804,122865.80144824224,252588.08961377208,New York,127333.47426065215
106492.13203039704,133343.3273272374,245495.63236086714,New York,127216.53215233664
110409.97673280301,128103.5844316167,257915.78778410162,New York,134780.2324461833
78013.21,121597.65,264346.16,California,126993.03
75386.1517248916,123293.90172450665,253305.12071017336,California,135165.599626134
73380.79175702913,123481.32351424688,272722.98423855886,California,128569.51803589893
77290.46574787826,120808.35539955298,264925.22971908125,California,126432.983111914
81772.9751976568,135037.3701132227,256977.61937008167,California,121774.36707360674
77668.85170113717,137281.97965709108,253723.74570337712,California,133237.72228941787
84557.35129628582,118231.89853703379,271866.5846043801,California,133196.88063638585
76534.36139627588,120359.90533126994,256657.90420261925,California,123127.01904169256
75480.59872642407,114156.23699106682,264796.65169769037,California,124059.59299106919
78925.12947157866,112137.98728882037,268719.50594029,California,130168.60105282413
70236.32413157941,123871.86999302628,280572.63919556915,California,122384.55065472351
84537.34704272855,124145.23634221195,255027.80115878952,California,126780.56147543828
80191.05373376045,122059.75384915396,271467.0638890093,California,123485.45612321593
78673.82907656499,113002.4319702711,262876.0508895273,California,123549.33089310698
75144.15740637283,129112.95126433136,278770.34198741155,California,129313.71886987526
73752.46874519589,119673.92380384843,280380.0459347164,California,127532.9418079614
87060.12712308977,123988.97624867165,266884.5323237766,California,125815.36090764114
78534.10773241852,120670.65131001206,273705.4504772655,California,130637.86578053293
74947.33195798034,113503.91006224074,240076.46803243877,California,128928.37073455034
73709.35146227852,108508.32815949357,269482.12309829594,California,136490.83687521983
94657.26,145077.68,282574.41,New York,125370.47
94628.52720739656,151159.99481294237,283730.5541356128,New York,124998.53473103869
99007.12308050293,142972.06212830264,286352.3212693701,New York,126580.4121548229
91495.27941129959,152273.84012662538,280102.45249890257,New York,122528.02622462471
97196.48758777014,138560.2974823737,282972.5736958349,New York,125336.17241314363
99796.65494538833,148521.08591631617,282220.8110949248,New York,128446.18235842702
101236.92187106473,149123.97125628087,282720.6792722099,New York,120436.50424961693
89616.2229532361,142863.61540067694,273962.78245435195,New York,124667.24959604607
94925.3763334983,148920.0097957442,281578.35246921156,New York,127200.25819226791
94962.40857230146,130747.87468179071,269302.8027649774,New York,124828.5402625409
88931.94051031281,149429.4934156598,304201.96066532645,New York,129954.3723849609
93647.06413356063,155891.23447247766,284674.89095025434,New York,124102.65120111575
91754.10922962564,142883.59998069875,277089.9682262517,New York,126011.42485684519
95417.2346536736,145099.77547685453,288747.7872761277,New York,129848.62649221139
99151.36963412723,134306.40238502872,246490.77210592746,New York,128884.55379207278
88188.01038278149,143447.25784745708,266042.21010139806,New York,118593.01596829362
97219.9289121995,150584.5034708368,274429.0556827892,New York,115625.26430131747
92071.9598619104,147919.78080592543,261679.28180057378,New York,126060.10757965625
94584.80058131354,149279.79334029232,284263.92760261055,New York,121710.64668617831
100320.4689870823,143927.72486669282,282188.6317928829,New York,121860.34272005159
91749.26,114175.89,294919.67,Florida,124267.0
89715.71907410224,109124.73313257816,292369.41025397915,Florida,130648.26633105546
85455.71426714469,104964.39956638895,316613.52337491035,Florida,123486.63923834107
88679.91356708895,120112.49215993095,285989.2732436966,Florida,131074.38247220012
94859.21985151165,111390.50403669056,326731.3013172276,Florida,122008.88870989432
95153.59506156393,115884.48983691538,314115.1255747434,Florida,130088.32935650967
91896.07784968568,109874.78220556599,301702.41163023986,Florida,121740.47032441045
100985.59950270022,114955.34214714081,289532.6444321572,Florida,124955.49002706744
85569.36799045523,108629.1451208276,312620.953679719,Florida,121818.09155905184
86946.59460265296,117239.53028203764,312404.04390054196,Florida,126947.26513169247
96318.5919048698,109855.50236074765,273953.6733681008,Florida,129863.98686782658
90268.97817846574,112743.93585524302,314505.1989005029,Florida,126340.63103734575
93840.6282865768,126535.4434790584,285430.3607928652,Florida,127725.99727588813
92010.80560097974,115709.22812431703,317458.44019615016,Florida,126160.21677780528
94218.67334568527,120298.61398844385,289538.0830718806,Florida,121138.41796806351
86956.23648036868,102950.36431753152,325240.4664106823,Florida,120154.2281805059
90734.26718818434,112595.61975606727,299452.68409368244,Florida,127308.07648571863
95696.65029033125,110847.22072562356,292455.29596601386,Florida,125320.46088121989
90608.39866020464,123351.89558398226,302159.57853577094,Florida,127006.63173517158
94790.2032934048,120875.01110350601,297589.0109177891,Florida,119432.39752970112
86419.8,153514.21,0.1,New York,122776.96
88146.84764264365,148514.58305107467,0.0,New York,124936.71975028401
91770.40876883402,153677.48446490453,0.40883301259896376,New York,129046.74328506649
87460.09208103831,173483.97639718716,0.6655096456315441,New York,116291.5270344891
89674.98161137648,156439.87141700776,1.3897527540827457,New York,125256.49479512853
85821.53307776595,144116.85117258222,0.0,New York,119644.2305264309
83911.36397862829,158031.96743888452,1.7699045043514063,New York,124230.65711890646
81252.4012477766,156926.85136878534,1.2966314866456512,New York,120530.94126243086
85840.71316297799,153626.95233050894,0.0,New York,125164.77702684491
85897.18425934727,156734.41958478783,0.0,New York,121165.66599278574
89541.20262336022,150652.45065974112,1.8269638512334052,New York,121304.9765207273
87390.66045312665,160672.507240412,0.0,New York,116291.35740771367
79827.45432130576,163205.4400598091,0.0,New York,132199.5979410556
83981.69176867741,154930.77237573816,1.6421099525678757,New York,130166.01958857392
95327.53633961012,162789.27936400918,1.1240625258114625,New York,124959.41972622988
89783.09042650528,149283.46800972705,0.0,New York,122764.53083132302
85684.43394791601,150035.3627028841,0.7963874474567153,New York,126295.6440814136
86801.80527159822,164855.30315722173,0.0,New York,122063.65240943177
83322.41792089849,139187.21528969784,0.017319314157300758,New York,122328.52633099379
92959.40120605181,158356.1378706598,0.0,New York,129606.1554655933
76253.96,113867.4,298664.56999999995,California,118474.13
80909.39272886213,117181.4976019971,295282.43120025884,California,115064.06813423966
74834.84796928745,120066.04872896522,326807.5279344924,California,123959.16303170535
74390.12478725432,107493.00369383534,300768.45651763235,California,112188.70054121569
77486.10089753689,113027.04386324475,291705.1404282608,California,112806.19824491705
78212.16209911816,110834.53702049406,281193.9345663413,California,108265.46699448748
76149.05397654326,123957.48407293162,323472.5334485738,California,116849.50756024054
73957.90728188277,116536.30528630986,283755.4521055283,California,119546.76598316476
79174.79274523676,120852.7848088662,297168.94629071833,California,117750.2278893184
72906.47754743844,109159.66419872007,295282.50895680767,California,119779.82926436167
79737.18227727026,109294.60505756504,320955.2294796105,California,117510.49601732045
76172.49295957231,109613.24744229016,262462.8362544447,California,121616.22527643142
79063.32325275653,112265.69812612988,299664.95768769784,California,120307.89349851121
70296.4445365404,110855.30735837691,310525.50595027197,California,114016.10455465465
77373.20774085585,106143.87785101123,305629.8755069308,California,118347.45219178686
70095.9501557607,120498.69209848582,287694.7461294994,California,115594.31142333025
77018.66977714402,120407.01742611696,283495.07066190994,California,118693.35399647808
77888.90781317739,117813.50667122376,301299.41206185013,California,117169.63088236471
73098.60842091308,114357.84899941973,282654.07315025467,California,108090.99629128692
77918.43069219234,119013.83550619491,263378.36000999215,California,114885.3209967561
78389.57,153773.53,299737.39,New York,111313.12
80816.33181419327,169592.9470668288,300049.0225833525,New York,108882.03163727825
77672.71133136307,164344.5100143088,290056.40914578596,New York,108644.30332782098
76497.46714379326,146443.69473290353,301575.83401733777,New York,116738.56084627111
79655.8722647739,151833.26555850892,295364.05259413336,New York,106093.01061785956
81850.89978466809,153175.0649725018,297032.56108764606,New York,121976.1629761727
79560.52560115178,147993.25182022282,293347.62434533384,New York,115148.2322512391
78833.53093878894,142715.07590764374,313513.7540831026,New York,109081.92391687323
85731.92035798248,162077.67018173067,293033.4351252697,New York,115590.93783987351
78655.5282146187,160330.23091573085,307002.01747515966,New York,108486.80200300606
75867.19026855311,161692.56553405707,294720.15578590013,New York,109965.17890519983
74645.98758537567,157030.4461810504,330648.18180519505,New York,107748.20741834992
78484.49763971056,164631.63699723955,298543.81486260204,New York,112823.76748121686
74225.54140788916,157066.64471308366,296932.6833227034,New York,114604.86043890136
83043.50410030794,173683.84711964295,308424.27672482276,New York,112401.08213449805
79151.45509076989,151058.14862387435,304810.2031898188,New York,110326.65842155075
79049.84917457777,163904.11120848684,284652.4679279588,New York,115119.62317181155
83551.97418846466,152865.7392911341,267937.4275306225,New York,109283.36314635756
83473.11223986352,153597.70486680206,284760.9778535375,New York,109627.47785860999
81684.36212055404,157977.1875375911,296156.54581038276,New York,110088.14890686226
73994.66,122782.85,303319.36,Florida,110352.35
72545.25944796366,117120.0424339124,327818.0960144715,Florida,109285.28536308279
78497.82154572928,132122.42603028932,318459.7111353632,Florida,108923.44052551486
75488.35353831133,122634.30972449225,289613.8464986264,Florida,111426.16426946873
69632.52757633297,130074.1830100784,296272.98893692606,Florida,111018.30322252278
75042.74948685903,121193.39547247192,312217.13941897237,Florida,108780.14796404335
77218.22736421338,114519.68894086078,305236.0286592543,Florida,116771.3111458769
70293.70118742305,118622.07704728964,311113.2700028759,Florida,110946.86814962667
75291.89774907567,125786.03950114256,312945.5254811208,Florida,114026.08956063494
75510.8796090541,121301.73487908099,313519.59123008215,Florida,116642.04308714703
73503.95055159477,116800.07572820102,320109.3100038248,Florida,109953.81966985956
65956.36278251685,127985.29243361544,295200.58986232476,Florida,110052.63318633568
75222.8985843571,123952.35468036807,314078.8835562725,Florida,108910.64166843942
75893.0144540034,121189.45596091078,314524.13611120445,Florida,112389.56743923284
70533.78656456845,129449.84896365009,295190.9555422306,Florida,113027.48230928452
75353.52499387228,134067.7215330192,299930.2820622599,Florida,109195.91211961658
73922.81264325016,120921.58611006134,315451.2532867123,Florida,105001.43978087278
70096.3163823644,116227.45570250902,317731.69453002827,Florida,116015.45616817524
73608.22577935271,121746.42938424098,304381.7688641053,Florida,114198.83003320475
70563.7010067817,124246.2311525889,318109.17604695616,Florida,112011.25757672485
67532.63,105751.13,304768.83,Florida,108734.09
68172.77725842825,111044.217773553,263575.7828422203,Florida,110945.33468007957
65324.057444967926,96071.55512711282,312558.76090750936,Florida,113214.99535637053
67068.51701587993,110789.50800574746,329337.4379160819,Florida,113023.37079614926
73070.18588875813,109675.17103924588,305918.32109353406,Florida,103508.4411569675
66701.76765161204,101292.41598383301,337850.6136004415,Florida,108160.34648723777
67948.64723153992,108667.14008473772,305433.2633283035,Florida,114263.38497154372
65430.17255171256,106780.12791488814,293454.73541436956,Florida,104428.14660388706
65466.911216922854,105555.29584302749,298226.93316587387,Florida,106475.39704569524
62784.01415316558,105311.70458926093,281839.2366064705,Florida,111213.40980682586
67810.99866661086,98044.24409491946,300056.9655681067,Florida,106280.5387310131
68610.36470587848,112838.83746879759,276194.1240188928,Florida,109109.30768127088
66991.92055830662,109300.87858494616,308017.6143473973,Florida,106281.14897016414
66455.30243062913,101542.09830669065,321165.5018351172,Florida,108803.6090817423
73952.25035702021,105430.38251961922,293973.8149242308,Florida,103796.31928998024
61444.09177025438,97374.9216976777,308839.42384452943,Florida,110393.56257383408
62193.53166801119,110483.6956553422,297407.73242299346,Florida,109212.93213729824
72976.50495831706,110493.21855406035,300676.8414309299,Florida,105827.00073063181
60266.74233368633,101948.56619234318,301551.5342067432,Florida,105513.88797345757
67089.42359032166,106157.48867327588,301342.37527529255,Florida,106613.76682629528
77044.11,99281.44,140574.91,New York,108552.14
77693.80245495093,101475.26520418932,132910.77239121945,New York,113146.93187650251
76664.32825457984,99375.01088547109,145552.76894049963,New York,109311.62330393522
80715.78818341209,100706.74502900176,136270.2435589642,New York,109729.39943836
72638.2416136652,99820.33819577348,140341.3448527927,New York,107874.39409318974
76548.95709147865,89939.80584501845,136718.0622739778,New York,108854.49538120869
77659.90967246254,94179.9866078334,149471.2482907925,New York,105731.38599836422
80778.6583598837,101402.0635703251,136032.74270395827,New York,114333.55389674217
72445.9756317051,103844.18749690054,147607.74846532417,New York,106368.22223532449
82408.17248746696,98040.19109818175,142604.06404767948,New York,109399.89478062053
76526.72512740908,103306.35064616083,146152.14027388213,New York,102857.93337339719
82068.69665748655,91028.71007196777,147832.4144873085,New York,112221.3276125488
72841.48311720965,97242.1282959647,132803.1932870505,New York,107852.23586693458
75857.49863627112,103151.73101774332,149784.73670289884,New York,113097.27393273814
74878.52323609091,98242.84755475726,128742.45138189886,New York,105927.7723915969
80760.916767702,107301.30945805673,131898.98592134393,New York,106622.74210386316
76942.38959781115,100672.18016398397,134884.41290256658,New York,109933.12201601636
75218.783461097,99209.69788679673,144414.6029498769,New York,108573.05453394903
75363.06187239116,98737.3290414063,139953.82924811883,New York,107347.17532648073
76047.17438401544,107217.23965698169,144517.47004557948,New York,107589.88937450162
64664.81,139553.26,137962.72,California,107404.44
66918.2312073175,137223.9800976506,146055.09329502337,California,108595.47637960226
64317.87636226869,142677.27782770013,127126.60266387482,California,103773.84512974575
60804.56331534781,140550.66874343823,149913.84408848808,California,114593.98628021214
66727.78266224786,143047.98396157438,125538.77880596256,California,105655.87273310687
62117.71566808833,135221.19468504432,136802.8410718428,California,105883.3012761949
58265.25769145068,144771.92572143185,130562.79271539532,California,108175.32526384843
71370.81808818373,133138.1041525173,120508.45254899273,California,106482.89630133993
68224.47728074259,153217.94857245925,129481.11967872239,California,109004.87105760461
63160.34938606523,138813.98808826116,156203.7600384187,California,102561.66940626307
65485.21135000054,142816.6653399803,145452.6217363718,California,107720.15477183927
65660.81148037151,136820.46828209798,139819.19424197276,California,106298.62877513625
66674.50140794412,136974.2436337708,140564.00980279085,California,107310.15131650023
68305.60127583172,139194.6519164844,125732.10090189325,California,111470.51916324437
61736.35964269279,134991.49880816467,133853.767383752,California,111833.06261135038
57759.66163655841,161447.4118466236,145247.54349266365,California,108123.74551674751
64487.32449400039,141545.7601026335,141557.49338361094,California,109483.41056064713
66461.21286146322,140178.32380510954,136601.4527386949,California,106917.017330467
64034.624654178355,147464.32565541574,142057.1549940076,California,97930.11615934555
66785.49495465746,140912.06354065,137833.66445364532,California,106152.58179348966
75328.97,144136.08000000002,134050.17,Florida,105733.64
79562.88266802224,150964.71749733287,128869.9508619521,Florida,107024.81359964007
71669.27494967208,134193.4422915265,129849.59247508936,Florida,108469.16002841806
78918.86639746919,147833.78605789886,138910.1306746629,Florida,107370.96227556889
72912.8626078949,147248.86112264634,139414.9216463195,Florida,108126.2590376489
79806.95098462062,149240.68699922404,136405.75459835725,Florida,109128.1664013219
75229.07904288327,137780.5822360335,132957.21228809774,Florida,103370.80195756961
72785.94579899016,143094.56226581274,128738.96874392845,Florida,104756.78319473889
68196.76787807391,145673.24594347013,134058.24970886187,Florida,103141.82734503629
77811.98485899874,150892.96421812766,123275.48634480812,Florida,103314.26998532
72432.03495035716,137362.38257131624,139609.7321785837,Florida,105118.82170461219
74332.68847271791,129694.63669674397,138309.0647485306,Florida,101802.70097034755
75554.70316536767,146135.08122598488,143169.99580420664,Florida,101582.0496528465
63956.13296997688,145461.04763452912,146118.11149842155,Florida,109663.58922983034
76118.641390172,140592.95437084223,139459.91606450366,Florida,102645.54249791239
77123.14700585508,147778.9043649627,141156.23591679547,Florida,114487.3070322983
76806.98453095651,140468.07890639672,133878.75795515152,Florida,100122.11495419338
72712.36876947932,141186.46168787676,130537.46305809202,Florida,106216.91105575579
72231.36767930895,152215.12829739667,134051.5578543743,Florida,105704.13929578535
74093.971436832,145254.50884119765,139580.3981322701,Florida,102983.09497816704
72107.70000000001,127864.65,353183.91,New York,105008.41
69734.93668203542,125922.85888172909,329416.91224462097,New York,102427.54104311927
70390.7404058352,133454.82332778096,357820.5318395848,New York,105618.2670635424
75175.51474933099,126986.40021782185,360079.2051207724,New York,104683.23543541438
73064.43343409018,124138.93841050126,310116.36101324204,New York,104585.39676048052
77237.2547886727,133786.16041161152,370232.0529156037,New York,108902.5336494707
72427.34474858851,129126.13519334594,342276.6744275792,New York,104012.70075833322
74327.79206681764,135561.36310995187,350721.4009560023,New York,103590.20023296654
72109.6034949422,131708.30452647296,327686.5955282812,New York,97774.86067116323
70122.8027008958,120060.35164549176,344210.56290833745,New York,104542.86471075052
70473.56498483458,137150.61264657322,358953.9596767138,New York,105954.98004245505
74350.99630402694,120583.82509932766,371533.7882004089,New York,104769.73338208381
74525.04076019222,121012.0175023676,325745.78019108356,New York,107584.96877633956
73464.8012592491,122097.62468600605,337826.3596286378,New York,108553.81351810263
67819.41220263454,138366.640111627,337279.6723754996,New York,107019.50563194924
70922.90387681176,131720.96748798713,343575.294462378,New York,104495.57127322207
72255.22938118411,121457.43258660557,366266.2719469335,New York,103391.65778183169
71283.50929423184,121507.54326189817,307935.1589831033,New York,104406.62435150497
80806.1074518519,132880.807633029,352843.78718886606,New York,104180.23756063775
72188.69819295617,131362.5097085094,332331.7056455557,New York,108518.80448157052
66051.62000000001,182645.66,118148.3,Florida,103282.48
68414.22474013126,189204.33529372525,120738.55815658066,Florida,103343.26171167838
68273.79873354055,188050.2741527261,116056.83459357634,Florida,101505.18959088433
66388.00866546264,196791.75039615692,110828.38027467602,Florida,98735.39053271286
66595.75602381174,183110.38089456878,119172.30114822672,Florida,104038.36273851762
65314.476474685944,196251.51455266733,108691.09582398816,Florida,100715.40317824224
65710.61279097221,167639.5947541066,117109.45505344192,Florida,108430.50277487202
66120.59931940297,184752.48595937935,110703.98376374802,Florida,101372.69995604172
64812.5035630734,179744.1958230497,125719.5017792622,Florida,105010.47147476564
62380.94006912095,184896.81139749338,121091.50263039613,Florida,106815.20260804276
71271.48364118767,173375.53256857162,113358.22817541339,Florida,99385.90719814625
65278.750459690615,186904.5766548639,123980.8947333162,Florida,103047.14769758984
64995.297646801504,184031.5569327273,113214.76429576728,Florida,109756.86223697997
60742.18923739942,184332.76324805958,130102.58173357046,Florida,103303.54914429312
65424.00069374574,179381.36724184052,117082.65147328153,Florida,107536.21585386427
58746.766877019494,196649.41052197551,109736.39415825873,Florida,102456.26458416678
64634.00553316563,188020.49502012157,108707.51623181667,Florida,104714.51017423465
72737.06649998433,170196.76921181515,119268.97306013417,Florida,101231.34516884096
67458.14699531622,182820.52292218167,114358.77061120802,Florida,104794.13978514253
72010.62578476762,180902.27254817326,122400.2088638153,Florida,99275.30684782391
65605.58,153032.16,107138.48,New York,101004.74
62468.2018382878,156646.82765507972,115088.776772049,New York,102082.29901503875
64578.66231669354,153026.7381120686,100440.140800112,New York,102836.50740093617
68499.87861534517,149572.94199257175,104620.49993765558,New York,101810.38884372998
64173.01742098049,152526.13915686816,118386.53004570905,New York,100256.21699968498
64430.12432446798,148077.42393966758,111125.05983273532,New York,100455.60498507172
63475.45525922803,163142.26050377244,114743.1854053512,New York,99185.37121558069
59482.80819489075,160741.25980926573,103470.97005527042,New York,103400.44799242339
59143.08981894004,159861.9649345097,100650.32402390947,New York,103219.0591954293
65652.39964468943,145732.98950702927,104958.01740641102,New York,103084.3825190634
65952.9433507704,157503.85903668712,117726.12200176503,New York,96264.86548135834
70910.4884482055,153830.6507264001,102323.76216072067,New York,96973.70054341329
64985.212353662304,160084.2653696021,106455.2090558707,New York,105583.75432488055
60845.31885861336,152939.66010994956,100429.5035001807,New York,102106.59631280736
68514.81808110098,149812.6556933757,93187.90429030154,New York,101607.58117521986
67038.20429974185,156125.66498142297,113758.4712821447,New York,97759.29504683014
67836.8786061709,162156.7600225366,97610.72148513347,New York,101973.33048702416
63951.729488121986,152408.38046231406,109000.95649890212,New York,99528.36816683413
63389.06897779583,153293.4809108707,101314.18613620332,New York,97714.53545514456
67834.11391324327,144242.03837022776,110707.86542762058,New York,102406.45739782932
61994.58,115641.38,91131.34,Florida,99937.69
56645.04683437265,111723.65442823424,96572.37950031535,Florida,96996.02749930831
60555.05264039599,118313.0479669841,94700.91134271027,Florida,99183.5435435062
60142.460321718674,123865.62068386123,99054.75282437114,Florida,102872.43437299106
62259.04312073494,110967.93182713738,87347.36442174976,Florida,101504.2555801803
63291.50109883706,123745.51977471917,94095.15942679711,Florida,95431.25880272863
65255.332537136645,109870.52458668478,89381.74917327389,Florida,100687.82291950953
68180.60839244055,133623.14367520338,93895.91426939897,Florida,99388.44259327822
63651.40265925897,120773.8649206269,89670.19647941773,Florida,105319.96827914937
62707.737004317605,118519.3648853996,94165.66847141103,Florida,101201.66175999214
64595.06819858017,112072.37948491583,88587.4006519274,Florida,96639.28381939261
63356.91471008921,120145.2446099258,93217.2127354031,Florida,104958.03717133695
61977.23385815106,119508.09039581016,86156.93181391251,Florida,98777.11449805064
64150.55855772161,120550.9469923625,89791.85990718266,Florida,99723.0260849073
57289.58272907484,113577.01252592134,95188.43054024986,Florida,101662.2298175831
63546.50805587126,115929.17489366473,91163.52375552092,Florida,97957.96091988568
64160.75872012599,118075.47461159262,93373.256846142,Florida,98360.56878892866
55319.80050433043,121985.19268289699,88949.48504958815,Florida,97350.97549460636
64144.17669414826,113374.73586711544,95961.01114964616,Florida,101787.55447950854
64113.4596546349,107743.32982689445,96653.64396966014,Florida,100720.95323808353
61136.48,152702.02000000002,88218.33,New York,97483.66
60007.664778100865,153796.80543039332,80383.50470332746,New York,98678.76915197278
57989.87246887285,142374.24574788575,81503.33074658494,New York,100737.72805700412
59212.93255583844,164412.18597171118,85854.95448589849,New York,92490.47492091145
57723.46129537838,162137.56653572663,87530.67615461921,New York,95880.18842819774
61625.62755322422,156533.18187069558,93147.08287414463,New York,101719.81019311432
60036.730569104424,142577.51198594735,86394.56969862619,New York,98244.85289225062
58190.43858414518,145394.07609253397,89734.74963922844,New York,97341.37572103918
61236.73464270203,146910.83151153618,87202.051688098,New York,94780.73111210253
63857.65986788812,160606.25323079867,80074.94949635427,New York,94765.29638016087
56561.853456338526,147739.02160838599,87850.29208232519,New York,93244.1583484685
58318.51679860303,145036.7040644632,89132.56888315674,New York,97686.45819323702
58930.25532525741,154052.0652176924,85806.96979467264,New York,96689.20196763138
66251.92851247474,162936.57551698555,82485.98567894565,New York,99910.22058746534
63616.77646128721,143934.91381578162,91829.88981866944,New York,101981.35696713031
57705.05809519673,145696.7932937712,92707.14975551421,New York,98277.65069716366
62822.24591358278,155302.45306672866,89941.65708410465,New York,93604.37926132738
64337.94590122541,161631.9577207753,87206.50658204306,New York,97356.51123419525
56456.15383960761,156628.40700192653,90741.62760860471,New York,97301.78176131356
64573.4303349328,150151.30659966785,90708.75959452186,New York,94501.6416487844
63408.96,129219.71,46085.35,California,97427.94
63334.289130365076,128093.20966782652,46604.519722251476,California,96347.87257647718
62992.132971997955,134556.7887969996,45078.92836296969,California,92732.17507871574
68955.92478992027,138145.2647713351,43107.63107020571,California,99443.84432000882
61814.304644655036,130922.09707768937,46763.3210982016,California,96742.80392685748
60924.07171307294,124758.13427382991,43974.19874539383,California,94996.6582741757
63195.9747246696,124595.19508887528,47656.98040832945,California,101774.91987561899
61569.93136100483,130766.49900659382,47236.758159904966,California,98807.52626792961
63649.77222725402,134018.1703361271,47196.58058857107,California,93810.45299331725
66164.57410603084,134952.48323386328,44326.53463693968,California,97538.82615467157
65575.41903859987,127867.33644674813,48557.77844368067,California,104337.15682720277
60917.03215480448,120296.80084417021,46785.429315747955,California,99536.95045367039
62677.0101667766,138609.20607343758,43000.84416038621,California,99453.22902088819
61488.10977254661,140328.5857210257,50676.63837155631,California,95187.12683894517
61666.61767757291,134773.49487375215,45193.29742543614,California,97295.21035751913
63489.452667131845,116816.72957306771,46053.46413140179,California,95411.97731436427
61845.53973396829,138546.99544174797,43190.02199998637,California,99804.80718426513
62524.52253545538,127412.18360787086,47906.57827298534,California,98421.8549137254
65218.05883580867,135475.13705302525,45321.92686015312,California,95638.4710849375
59968.546683375884,123886.74453425866,52880.852438670074,California,101065.93702533747
55494.05,103057.59,214634.91,Florida,96779.02
51745.22057839669,96243.12350508416,219806.17393945015,Florida,98367.93252312214
57017.03935006468,101743.83351799092,213288.56680975805,Florida,97730.97577078627
55732.37753929462,91621.80260492687,212168.758848673,Florida,94307.07159011778
55980.209562074,118440.26991670555,218578.6297097864,Florida,95868.72712693983
58051.77493204004,105544.82251889865,219143.25715748133,Florida,98540.93217093495
61200.34657069144,97230.25816482201,219717.808908977,Florida,94089.39226281682
57035.432328587456,98323.70910803678,210155.8355762443,Florida,95922.26461864515
58201.651090707564,107790.27507587476,201266.18815104972,Florida,96938.5140828141
53525.177003077835,96572.66584513173,212305.93824568499,Florida,95883.38014139136
62227.466301454144,105288.5798084247,199850.66958555946,Florida,95139.27176064582
58328.08478328619,113819.0839512446,197614.5407258152,Florida,91320.90280996423
60685.42174951702,105065.22490748389,205316.6133820031,Florida,98331.24637055275
48180.634159180525,103074.98357874663,218153.0033964635,Florida,99462.51874959204
52680.79036643402,103499.12561740856,204703.48843369583,Florida,97520.4936879424
53009.73032097351,100954.6955519585,203948.07261812923,Florida,98669.5098211053
57875.996459515045,101848.61847478812,215045.2704303413,Florida,92573.22227534057
54662.53645558395,102798.89165804024,242760.59446109203,Florida,93550.56762919786
59556.70624480949,108194.28313818711,217646.6284710232,Florida,101884.94701036991
56526.53198510595,105062.88044159375,214064.8326710219,Florida,100331.49392028911
46426.17,157694.02000000002,210797.77,California,96712.9
48971.41335243369,152760.74166560135,196893.0516649912,California,96123.97461740852
44569.033680135944,157193.14772300576,223840.2299652188,California,95386.0909228527
46326.7637209627,158151.5119151665,219740.13689840032,California,90193.8044959384
45017.83144880881,159359.92873979968,223446.46839193546,California,95285.70063353732
42070.112252766994,162580.25945772065,204101.12126468422,California,93261.2166209818
44976.87173992288,156239.0927279656,204423.82866479733,California,90313.6993142915
48508.53738789677,167746.0285128454,217664.73914401635,California,93412.03358574315
45958.44598956958,157642.601379289,217108.99610040808,California,98652.01440554028
44721.92612041819,158340.53044564958,215617.4544778795,California,100936.80395978644
48061.54701920072,163915.49605200646,211681.29331170645,California,100805.18782792456
47377.35586124455,150904.59929356654,225589.13300936783,California,98737.78748220218
45397.728147880276,153913.36132045425,213923.64317761033,California,98056.77834358702
46884.14621319398,160148.5958088038,228715.13118278777,California,99821.8613718333
46868.69401840602,165115.972477488,199915.08318323496,California,97867.44036966402
50626.128208739436,155974.79331055388,201863.80290353787,California,94820.93777579164
43896.7955685363,151506.4069982236,206892.6559525141,California,92634.80612292633
46462.42497135305,164808.20573443276,201230.12107606552,California,101120.93062536321
47611.876016831855,165819.8397740506,203864.26715095123,California,99192.20838498313
43891.45455557421,164713.35536009315,212608.93748133743,California,98318.09589739799
46014.12,85047.54000000001,205517.74,New York,96479.61
43309.42243727127,81241.36558930935,211654.7896839831,New York,93734.72263224512
47079.821495470205,79233.954635978,214233.48236567664,New York,92912.20893825681
47284.79978041891,87707.95859272478,198357.79152903316,New York,98164.22088605919
46613.32107790509,82756.1812840887,195153.94603311218,New York,90799.00916074347
46818.56196172269,78393.40868552374,206497.48621956434,New York,95717.08856571566
47576.627858307314,83763.1286650158,202132.37177509713,New York,98597.9280036048
46784.99001786201,86391.95432073704,210339.88072563475,New York,92035.06801278319
47755.26825677813,87651.98821288119,195070.41905594143,New York,95773.14633273894
45923.685487511386,84475.60896743613,208948.44729028203,New York,100622.54126634084
48502.94720095725,79467.48928289374,211910.06092647606,New York,100326.05905154345
46904.052684400776,89686.80006751104,226195.6037134607,New York,99442.62293285035
46587.7057818445,89491.65019016311,207006.5910005785,New York,96548.79468881837
45205.619159408,91695.76300859041,197107.65951121924,New York,100914.87721360596
47164.160388674216,79097.16260631425,209295.66259040975,New York,90401.31784656328
47453.23004737127,88811.87799793828,199430.75713594246,New York,96837.20500566579
50510.06173277389,82896.91434697075,194636.5252919637,New York,100768.11921662594
50529.456124777345,85063.25538996534,215911.41985653326,New York,100362.36219464437
44305.88207129355,82983.8366277159,218166.06740835807,New York,101356.69561362686
47309.1433722883,81306.237678898,225936.55544591782,New York,94942.77404573256
28663.86,127056.31,201126.92,Florida,90708.29
28183.542877989545,129231.1191011821,216756.09493021335,Florida,93032.17101602396
29258.44233106019,129999.49655510653,201564.51856395407,Florida,92227.12642830212
25038.51220356907,125172.01753660577,203553.73687491263,Florida,87576.09442126872
29217.535874824305,125757.34205801543,218780.5910168522,Florida,94988.86788231527
27996.270718978834,126098.06584797456,200383.2776943843,Florida,89479.21223765794
28943.368441934224,122239.08391939885,189757.06099896235,Florida,92402.84210851401
29566.09739339961,121946.64037513772,210130.92400472777,Florida,88989.60992555988
29026.694646999367,132267.8041586566,200788.9004193921,Florida,91945.75311600087
27923.71664938784,125808.19404356593,199056.72633570424,Florida,88676.66464502922
28410.508506841605,117218.22366739475,196187.7079795425,Florida,89933.07293400592
28296.70497198189,125522.1212826617,200505.7978357934,Florida,92012.96960781772
29917.211749027214,122928.4713955173,189027.11589071082,Florida,87872.62799784119
27965.60418376388,124820.61879739485,193383.57313967947,Florida,87181.23421236163
28010.150822909785,128208.87984437264,207110.74218863764,Florida,89191.40324137894
28071.954412288786,121169.16661973101,200810.7568247583,Florida,88399.50468216547
29485.262770042595,115711.02966911034,197510.35958195137,Florida,91527.67795533598
28927.330341951798,144164.65600255708,204644.6300778634,Florida,87976.00773361465
28527.04130932167,115772.14476093615,200316.38103355851,Florida,88441.33728785955
29975.790935200894,123565.18202567523,199952.68154975615,Florida,88978.77905030345
44070.05,51283.24,197029.52,California,89949.24
47901.6133009372,50459.52150634556,215082.9117324663,California,92146.20996741597
45132.285238850345,52228.73152449198,200909.00463224223,California,84747.45949557069
43455.529743780324,53450.36195370793,196547.81057053723,California,86157.36723672907
43954.57666214142,55652.84260877271,209313.2438101891,California,89781.92359441718
46166.57086062069,50343.45662563901,180243.86995529465,California,87454.58960885693
47513.87930862974,50580.677351310405,194631.8285684025,California,89140.13346366312
48265.8197354656,55452.46206433262,218887.7802190887,California,89520.06012596627
44721.45930001545,47394.32280719208,211579.50405247795,California,86798.01350627725
44547.71549668987,48469.57855613991,191228.31258918755,California,87689.90641939582
42730.595343412686,49900.84205124811,191628.26312524668,California,92197.97256092598
41635.48207332976,51848.74394657473,209028.21535791855,California,88564.39131123772
42488.113929440435,50692.137516048555,208651.55457676054,California,90473.03501647366
42899.51797379642,52523.978121663626,186170.31534089806,California,91787.87310393347
44970.41722403912,50493.96921502757,188768.21213265625,California,87556.55174754313
45248.52133768156,54434.545103223354,190751.09802553174,California,91186.18606831685
39471.2807469428,49784.18543052257,196723.5436682367,California,87494.48004005643
42006.45586188519,49570.94503692562,199908.0496504818,California,89443.73691493203
39138.101881790346,45845.421255218964,191051.0022651043,California,91184.29681721135
38015.91621029284,50001.85087205868,191845.20187146717,California,93695.63784039416
20229.69,65948.03,185265.2,New York,81229.16
19840.24640529052,67210.89845276822,186573.7016154866,New York,76037.23623563313
21006.719692411145,66658.27876018632,189973.42455915204,New York,90796.90972562449
18121.64206544774,71635.04731996726,182602.49889143946,New York,81929.34456645131
20183.655069317596,64549.15247789879,179986.68942916306,New York,82032.13153409773
18695.092322008895,68422.99087285502,181409.88301700263,New York,78475.3225054399
19774.508969336533,70093.35571340648,180306.25190184612,New York,82102.66658918385
19490.33905693607,68447.20264482092,191615.23641642576,New York,85733.98828091743
20052.109790368697,68152.85335619093,186173.62511630953,New York,84387.03728925309
19502.602181835777,68404.61163618951,183461.6683247742,New York,81072.74144874637
20322.49621585602,66779.76786153793,184188.54015401012,New York,81752.38914529604
21825.931954394255,69197.45327152214,193316.40497049282,New York,80119.06720862849
19330.236685479886,69098.039493684,193380.24921136955,New York,84817.87405843654
19618.772958531827,65191.11591949181,170078.23193664465,New York,80272.75705191214
21237.705624608196,64409.80743678987,191198.130867692,New York,80764.9277816722
20557.46866116217,62163.63068968473,186054.51728641574,New York,73940.1361291385
20040.6474329096,60571.70508046383,196436.64076534746,New York,83123.60438728656
20701.72046485847,70963.39821494468,176475.13954930412,New York,85487.26534344784
21172.587318280133,65168.01224109132,195784.7446845939,New York,78533.2612182006
19395.70670558426,63941.265333704825,180365.14195599893,New York,78654.46130561014
38558.61,82982.19,174999.4,California,81005.86
40916.62914908663,81908.17474830872,178083.80789797363,California,79619.80591184454
35048.613368471844,84102.68755124675,158267.22633272622,California,80839.06720214701
35920.59370302554,91227.61572753054,182973.79647814715,California,81262.8603043062
40994.94864690411,79470.73233789513,179754.82825898196,California,81491.43448061073
39067.622367415664,88261.32399465125,181408.68392456017,California,81707.50925828473
35368.10203762866,78998.85279581617,173925.70051230543,California,81232.77128435567
36379.65576798754,92988.50060557085,188267.8024916471,California,82469.11337095447
38697.4920619932,82101.71174699791,166670.14203235923,California,81194.15128107599
39055.53898359369,77829.98939954373,177923.43362560033,California,80628.55321681508
34880.48962103766,79412.35837811716,171380.36399072662,California,85593.27286282682
39631.60574365893,77441.13073457274,179252.20295131564,California,77245.63929083852
40645.96310486603,81027.44223145825,174180.08615761792,California,84227.77892857816
36077.048097637584,77185.39366552493,169892.92340245223,California,83529.30315497894
35629.41636103289,71231.26630240126,171051.773523687,California,82346.68713981616
40872.631235304856,81060.48279253853,171399.42953053318,California,83810.04163999055
34953.877950035356,81370.17476074082,176665.60332412756,California,82097.54046537384
37575.73812709316,83125.08952885833,153226.61030745693,California,79406.20063795787
39432.94327894949,78906.54449068058,175515.51016938232,California,82091.8387371362
37898.19894791569,83689.4628516477,166575.5189357366,California,80503.75826807563
28754.43,118546.15,172795.77000000002,California,78240.01000000001
29631.75090666607,119476.5770088454,167728.26388233114,California,78766.29081141629
29781.839860108765,106395.51768492811,182809.92477705423,California,77450.75277649137
29366.166025053044,125642.60066987429,160944.79936491576,California,76574.80986626977
28339.577336142538,113900.60187608776,187785.25507614427,California,76228.99428433813
27955.708450875973,119757.62663993805,162409.4523493274,California,77311.26811466149
29210.839378944493,116573.1840286505,171988.9272904251,California,76997.56150686156
26577.043475379163,120452.33185352015,187958.02057068754,California,78283.20231329539
29078.297064545324,122652.13078182482,161829.02297323657,California,82236.15291631622
29045.322460686184,128218.66763689762,166462.5199551513,California,82507.36549004632
29868.88771961693,121824.18864867333,174817.69178943912,California,77656.66355309708
30480.460176818546,119378.10610924935,155800.70379624932,California,75617.74960192539
28487.235566388816,120383.60929790956,172306.85742437033,California,81101.17860349493
25949.28890138159,119397.23985295655,157088.81399526118,California,80023.20692787414
28618.624675384373,121033.30733425335,165332.0039317506,California,81243.17047142657
30252.139946597687,122004.99652382462,171676.7683799976,California,79601.05119400194
27738.115356814378,123617.29147438091,187046.93606174955,California,80752.94742756632
27705.464842704787,120688.38157530273,161623.3005613618,California,79583.52471010864
29402.272214645847,107463.17358706845,162758.2033058802,California,77575.42629662137
28321.87747305107,111377.2082896151,176156.46395260163,California,78830.26893034726
27893.02,84710.87000000001,164470.81,Florida,77798.93000000001
27622.082360817025,81509.682224149,173094.89552672522,Florida,81662.59706337976
27218.620492991944,82118.01039312987,168510.276130426,Florida,76963.30092041363
27698.60955469782,87843.70309904196,148769.14288546224,Florida,80875.80530870151
27994.383965936442,82967.97288625511,163736.98931877667,Florida,77711.2413206356
25478.598370949232,91042.74589219109,164810.65301066553,Florida,78832.8827520958
29220.09983908086,80385.69199043645,168364.4253373281,Florida,77174.26428512124
29073.96970842646,75700.90572670847,163655.90400864676,Florida,76391.96593994329
28495.875956364875,86701.76260252018,158651.6197950823,Florida,76136.73906179416
27738.68043307615,80913.10284226955,171394.89701989022,Florida,76937.2122457068
23838.785972934853,83123.29487441889,155930.30282826486,Florida,73991.58461066784
26167.24170157625,85174.27434171709,175396.94166105287,Florida,78529.89250877926
27047.15944312153,86641.872050478,160695.46224075655,Florida,76177.75503504508
26283.0869503862,77290.92288445,161264.25660719827,Florida,78167.82177195657
27758.263701990065,82949.02398211761,156693.42896714457,Florida,79218.55708668997
26056.080650714575,87997.7699862983,156229.03775506682,Florida,76042.77030918915
25847.366567122655,82587.1593958725,172491.3315024482,Florida,79002.38940676657
29257.57737696201,86922.42746650394,155394.73646645245,Florida,77026.87856875359
26804.9145043772,90346.57788606569,154628.97009617306,Florida,79884.79171933836
29138.379007901065,92460.30595284727,161101.7357132043,Florida,79461.46705491879
23641.03,96189.73,148001.21,California,71498.59000000001
26338.059975858494,93219.19069295003,136641.81929832554,California,67466.0480016923
24483.49232278358,87132.74449687004,145246.02648295666,California,72436.60828785077
23859.917021073103,98235.90133078811,149646.1683814626,California,74241.70307353334
22515.342993673134,92933.73102101806,142283.48335909945,California,73279.31631933167
24705.347502010267,98359.89208172055,156759.1347363523,California,68971.74217060636
25611.774761895187,103515.72558740371,153444.85728474936,California,75320.4732892201
21682.816052429676,93667.40376869461,142559.91990509417,California,73046.13263088412
22399.709563542172,99832.89269455412,158143.26038301238,California,72989.77081359751
23976.438323145612,91438.56650322795,141734.46161618884,California,74178.96969298167
24562.260659089803,96002.06614831722,144908.65407780488,California,67153.31780384915
22375.22729221543,105382.67429544083,138525.76130701968,California,71905.0162015228
24831.880659681345,90154.19636969898,149368.07868836372,California,73510.37915413313
23655.804842209447,109985.27577278807,135653.4745340462,California,73769.51791238412
23436.7694471079,99902.2695637649,151266.90962165708,California,69926.0009697062
23911.715529201152,87254.17805116953,152465.2780007021,California,72138.12729744658
24395.95921033483,101278.73579990925,150721.6190585522,California,71816.23554128486
22599.561851047012,92764.3138522102,156783.11798675676,California,74579.46868825167
23359.57120159168,96410.97959187753,141307.00889587644,California,74014.10382548413
24427.586954570103,105525.989054237,141501.56609032376,California,70687.77904634006
15505.83,127382.4,35534.27,New York,69759.08
15685.268056443734,131499.96944451996,35151.09039685601,New York,67932.17112362459
16189.177765210448,131975.39766029632,33906.313435828066,New York,72595.71328393227
16413.075112551098,128237.75050655086,35675.69259665464,New York,70918.59681139688
14837.75893410642,127573.67409457354,31710.101099115014,New York,71593.30218473273
14295.217577333216,136957.86129764369,34947.741172428534,New York,69316.10918222314
15019.153238350884,125547.84584732541,38054.59379109767,New York,64552.662707122305
16495.85040962839,129535.31211395451,33389.73834345984,New York,67508.6959024486
16805.523264653788,121360.35322081915,33485.09657759226,New York,72139.22048437953
15768.30716728502,121408.63945197049,35919.15051823855,New York,67612.4130944517
16359.28747321516,134142.39903979277,36479.492595530624,New York,70515.95428713247
16871.264183110612,127380.4021814949,33434.41828606417,New York,70699.72659929546
17123.124546106203,120919.27501676012,34892.054222667444,New York,70630.60677462808
15464.038028757066,121125.99062014723,37527.489998245735,New York,74614.3971899138
15657.889053063833,121624.28057447664,32782.2109241704,New York,70298.96501336261
16361.656721315676,130408.80039755866,35529.999063387615,New York,68525.86855103294
14659.084818944542,132699.03136752232,37157.780375632654,New York,66524.21936455574
16738.41864615217,131038.7284944204,38020.948700558234,New York,66950.31209069621
14446.918141811731,126433.59658977491,36427.573878854455,New York,73518.45435066284
16053.246980210104,125836.73382623093,33710.705972755706,New York,72333.19125057083
22177.84,154806.24000000002,28334.82,California,65200.43
21108.085871028437,167411.09469612688,27931.920607131826,California,68311.62905254925
22930.701476096412,153745.8521691227,27598.96986478268,California,64533.60979419945
22652.796953641362,155403.45535355198,27493.543031921334,California,64876.45282477352
22264.97343963933,138329.17394419192,28983.925553113855,California,63284.08264605013
20898.918924744376,141745.6683019268,25793.338948678145,California,62549.15719863957
21391.61233225121,169925.07514130656,27589.78470209255,California,65548.11150083665
22621.930605645775,155820.7254336488,28225.102674007594,California,62862.41997911033
23786.761950866432,168794.50586711007,25950.928439029933,California,63197.41686625742
21867.56054982088,147340.4165316031,29051.642144168614,California,63775.92017738125
24578.6533531422,164021.4575713809,28635.982344731914,California,67209.22837917619
23404.164133366427,150441.11049081295,27178.451564750372,California,65353.278839214145
23133.301405366776,155882.61087242185,26100.624426824244,California,63630.095031196826
22095.812083343102,154220.56461484954,31129.401376087368,California,62489.419705423104
22738.483865557868,166332.4400617508,31552.87598378004,California,64409.42342352541
22722.782188685807,159216.36292994898,28611.76698384254,California,65007.087511272824
22661.289621613487,135205.86523962105,29301.135811420823,California,65447.23560725777
21931.139366761756,170649.59201587446,27378.613303284656,California,64412.00816570854
24386.257524388413,148365.82589733502,27555.449123937204,California,64912.84637514129
23110.123741357602,156414.69624129697,26503.504673050156,California,64159.501425548755
1000.33,124153.14,1904.03,New York,64926.18
969.9522569912415,123673.77823807385,1944.5709550670476,New York,65740.75506551456
911.5001081036381,130757.72071901907,1928.0749329921475,New York,67622.95130813551
1022.5472456369339,130989.7751678491,1948.4458134680192,New York,67548.33887303567
1026.4511489363833,123545.31573501199,2120.369194038624,New York,66657.83352683479
1029.0266878331672,116230.27995454488,1781.381182356045,New York,65496.32694246987
1007.6084609881752,120340.87776046817,1917.4517644771174,New York,68020.48433649016
1035.1115978683451,117070.15053737385,1893.414192392751,New York,63358.278041106
980.9386071309513,121585.55581794449,1858.5574240677247,New York,62481.44564744665
993.9451596218455,120673.08007887134,1625.142090538749,New York,68924.92893593278
1054.7864474101282,121817.19417081427,1905.8216017638795,New York,62644.04876844832
1085.1441233180271,135930.85744712918,1918.9474779696616,New York,66919.7980451968
1009.0972311785487,115855.20697228376,1864.8237975396064,New York,65183.1473675301
977.5951140254685,122795.81545175746,1895.328625025796,New York,64768.64604268372
1002.9437867899674,117569.26753534768,1835.7689870787967,New York,62424.08552219988
1049.2369114408798,111082.00602195632,2013.8535310692862,New York,67626.49111528737
985.2159846711837,107993.75783478926,1869.632692534871,New York,64801.16302773039
949.7834141329255,120954.84093114751,2049.706878224589,New York,66221.31541879477
954.0865389732078,114235.79233166673,1872.8974608375734,New York,64510.4120016502
1025.1481466547573,120830.07746201238,1952.7255268238123,New York,68695.44478598033
1315.56,115816.31,297114.56,Florida,49490.85
1369.2020262543388,115537.8383263771,294393.7264189604,Florida,48961.288302518224
1393.220197939277,112183.65357382678,297786.3762643269,Florida,49566.86483046934
1282.553639365243,107868.61523209675,301912.58137667907,Florida,49400.275847385026
1348.4648175985985,112726.32907466732,315250.74915177334,Florida,48189.08160930335
1428.1745858021288,105696.06941052059,303573.38582159963,Florida,50196.73405782968
1263.2298471849847,118273.89699347159,316122.74132887874,Florida,46199.48254033062
1348.6295479471307,101378.23868793486,282768.9063396858,Florida,51909.71484571074
1277.2915414075374,109018.58770696107,294174.05093726586,Florida,52561.12327188305
1195.075605143282,109728.36826837526,319359.9977838987,Florida,52249.02804086023
1308.7565009286336,108641.18440489183,328249.8409934444,Florida,51858.15927731102
1360.219774961024,111111.83788553678,296386.1934484908,Florida,49252.75929849067
1337.3227371150035,124218.79161845324,310178.94036170206,Florida,47891.242265410765
1406.1031834893852,117629.60044993635,307321.4225813836,Florida,51668.26061056285
1242.4424743474976,115608.85068353014,289219.4157406455,Florida,47163.00913074456
1338.3658889068963,130360.27060804162,269778.86552876903,Florida,49442.92215361927
1357.6936331833483,116529.03315786274,295433.96042265644,Florida,47561.87033517472
1330.872246377118,111434.02943205452,264581.6788095424,Florida,51264.491531898355
1378.60070245757,116115.46918549437,300517.63125966873,Florida,51085.91734858812
1330.3166139435486,121051.30886838392,292695.24533897673,Florida,51438.78571224607
0.1,135427.02000000002,0.1,California,42559.83
0.42078572593268393,136741.01382238758,0.0,California,42926.21377129757
0.0,131104.98362143856,0.0,California,41198.46667674922
2.2247714030169616,144441.98408873426,2.020367502144261,California,40998.44387579606
0.17125374991089248,126668.22584856664,0.0,California,41387.57015002133
1.3395840064415616,132744.009772956,1.1683793336940165,California,43331.16847081009
2.403638752104789,125409.18388019863,1.359233239786799,California,44023.59985647921
0.0,142246.6733250609,0.43614496302622885,California,42269.389471420414
0.0,130557.67749682012,2.149812095785926,California,42560.70181976254
0.8821300015314592,130071.56268104605,0.0,California,43941.3026863278
0.0,132615.4618374809,0.13402741107223204,California,42702.029970029114
0.0,138107.25467054368,0.7928557558178115,California,43497.81147139099
0.0,133502.90609348475,1.2947628618769378,California,43702.110966393666
0.0,137807.0137747298,0.0,California,42619.756243582684
1.9977670167459771,129008.50570102796,0.0,California,43535.339328560345
0.0,131142.41359563294,0.6964411375817526,California,41749.97706452799
0.0,140466.16265372743,0.5215460835365613,California,42900.50236761615
0.0,137932.83370293758,0.0,California,43144.353867944636
0.0,134190.78139276613,0.0,California,42515.13246208285
0.0,127883.42045564915,0.35866114785538816,California,42831.45506084221
542.15,51743.25,0.1,New York,35673.51
563.3717497701184,50627.85809360416,0.5080528468367557,New York,36262.97648107441
554.2067059957949,49607.1497538674,0.2493634822711889,New York,36063.21487478127
542.344590291707,46345.193245174516,0.2604896239734801,New York,38041.37244477744
532.3902355221701,49859.596235319885,0.4733485597113982,New York,36007.81881644584
574.4820684965255,48488.94067708837,0.8313802525749924,New York,36305.38281918824
538.2967627498841,52619.48912815258,1.1294574815983573,New York,36607.06654297796
511.1656039979614,53865.132504841786,0.03531139496748152,New York,35751.500245928924
544.1341874335784,51354.54697349322,1.291707497107065,New York,35583.91459566419
511.80190332485324,50725.124314004715,0.27869471681047564,New York,36989.022176993065
558.4983891722504,49542.7770218986,2.5851899166788916,New York,35956.87394111778
576.7226544303082,51350.74010674025,0.6333592447054494,New York,36571.913642718675
575.1722131488784,54478.83362836309,0.9721970000729778,New York,35336.30251031639
526.651394167676,52603.75967792913,1.0331280723410694,New York,35435.15312560916
571.0241490606027,55501.40557079389,0.0,New York,34777.83302711749
538.3447830907236,52539.09395966403,0.0,New York,37120.644473597815
553.6453924486113,51845.305923944135,0.0,New York,34265.316939435455
549.7674582520141,46225.878568348184,1.1126374096440719,New York,35504.25291753737
630.0621426732893,57714.204376734604,0.0,New York,35559.70757630488
569.13772589081,56149.634307407076,0.0,New York,33761.72150918745
0.1,116983.9,45173.16,California,14681.5
0.0,120392.44575781265,46295.42751018871,California,15751.27145498385
0.0,103436.32289744176,47111.120626332755,California,13853.303727034765
0.0,117832.40613754687,46964.672613600625,California,14559.442867878723
0.0,116051.75922854332,44336.14027904138,California,13333.452888059834
0.0,120032.96781400728,45899.72181090837,California,14849.559805966821
0.0,115922.25261155186,40255.91461633148,California,14859.976663885389
1.5288577078135674,108361.41370391997,43849.74977323947,California,15010.60677871013
1.3528426344274838,114362.14681546025,43609.603255800954,California,12712.576857583917
0.2034381293081064,128928.40096362858,45799.61790898421,California,14659.221020816287
0.42208231076698544,116919.02070596385,43336.83858397968,California,15504.779915677706
0.32576152311175444,117086.92334514408,42970.14171955977,California,15985.007931934759
0.7647027453331099,113749.75820267535,47435.93972036754,California,14183.929161614793
0.0,112540.24832374988,41172.92184401916,California,15153.042380418206
0.0,109798.49248437946,40485.1165385907,California,14595.430307209106
0.0,115072.99014331138,42818.33354931075,California,13509.26624656336
0.5643698635465741,113763.61439381036,45887.70525380419,California,13796.251313875777
0.28106274277108234,124607.02737947892,46497.10807438357,California,14269.08618178352
0.3571989703559274,115576.20246446374,45190.958642202226,California,14355.888947851496
0.0,118224.4753803347,42929.50242631963,California,13665.621173010022
